Country,Growth Rate (%)
Germany,105.39454545454547
USA,105.29265873015873
Brazil,104.04248076923076
France,103.76558282208589
China,102.4443661971831
India,101.47513457556936
Australia,100.18213503649635
Canada,99.70027210884354
UK,99.6256862745098
Singapore,98.97335282651072
